id,phone_number,first_name,last_name,email,password,date_of_birth,role_level
1,3486405159,Holli,Caizley,hcaizley0@auda.org.au,PAF11dSkGalj,1979-09-05 17:58:21,1
2,,Annette,Leahair,aleahair1@eepurl.com,4d0A4ec,1988-12-24 07:12:16,1
3,,Jeanie,Grimbleby,jgrimbleby2@reverbnation.com,4kaoCT0qY,1981-12-19 11:56:39,1
4,9567423107,Lynette,Jerrand,ljerrand3@huffingtonpost.com,03Kd79heylT,2001-12-23 12:14:46,1
5,5782665573,Eddy,Preator,epreator4@hexun.com,b5SkCP87,1972-10-01 11:48:25,1
6,1842560566,Nikolia,Imison,nimison5@usgs.gov,qc8ugV,1982-05-17 14:10:06,1
7,5624170843,Moll,Benner,mbenner6@gmpg.org,XZ2K1i,1978-12-24 06:34:45,1
8,,Lianne,Thornborrow,lthornborrow7@nymag.com,MjDVQ057iL6Q,2002-03-29 21:04:21,1
9,9814136735,Joline,Peploe,jpeploe8@nationalgeographic.com,XZ3NHaW7IU,2004-11-06 16:58:33,1
10,,Mirabella,Ipsley,mipsley9@bravesites.com,t3lxHlMU,,1
11,,Dulcea,Keel,dkeela@trellian.com,sNU4YOh3ww,1990-02-11 21:49:44,1
12,6659006194,Lyndell,Creedland,lcreedlandb@tiny.cc,lPKnF1WWJXCz,1992-08-23 04:56:39,1
13,9484007266,Mair,Rodie,mrodiec@wisc.edu,oC7R9Ek8zJ,1967-06-14 21:29:56,1
14,,Lani,Arons,laronsd@godaddy.com,wO7Gmqa1lF4O,1983-03-01 01:35:38,1
15,,Alina,MacFadzean,amacfadzeane@chron.com,yXdT5i1l0HC,1986-01-13 08:05:18,1
16,1533288701,Brittne,Hince,bhincef@salon.com,19e1po,2005-01-29 05:07:51,1
17,,Brad,Rishworth,brishworthg@networksolutions.com,Cth9H3LPINm,1993-08-02 09:27:32,1
18,4093282349,Berti,Thridgould,bthridgouldh@mtv.com,2fQYyVGzZ8o,,1
19,,Tessa,Hartup,thartupi@bravesites.com,aS05gJXiOKwh,,1
20,2197518831,Evelyn,Ephson,eephsonj@geocities.com,SCjzsvV0u3rw,2001-11-07 22:12:36,1
21,,Hetty,Bardwall,hbardwallk@blogs.com,Zs6tWZOztxCw,1985-10-28 06:53:47,1
22,8322580440,Franny,Kempston,fkempstonl@ca.gov,kbteeLJ9v,1976-06-24 13:17:25,1
23,4724355992,Rourke,Sutherel,rsutherelm@webnode.com,idlBI3w,,1
24,,Damien,Padginton,dpadgintonn@domainmarket.com,RpVdcibZ8FDd,,1
25,4914021816,Pernell,Shine,pshineo@networkadvertising.org,gAoqVa,1960-07-30 08:27:13,1
26,8209782146,Krista,Orrick,korrickp@slashdot.org,jDLda0uiCKA,1986-12-16 23:43:26,1
27,7144928882,Terry,Noice,tnoiceq@nytimes.com,EhuvlgbS,2000-06-18 21:43:44,1
28,4584286287,Rosalia,Jessopp,rjessoppr@jalbum.net,kiFVkKgcnSo,1977-12-08 20:18:51,1
29,8386106520,Aileen,Di Nisco,adiniscos@vk.com,ZDFl3RSAu,,1
30,9734890688,Dexter,Richardot,drichardott@samsung.com,OTkCSR,1958-08-25 12:42:57,1
31,4085862836,Danya,Goolding,dgooldingu@domainmarket.com,dh3gPHQgmlCB,1993-04-03 18:08:49,1
32,1121266982,Sophie,Casarili,scasariliv@ted.com,OgN8Dy2rhQ,,1
33,,Wallace,Kiezler,wkiezlerw@engadget.com,Ea0UsshE1J,1985-01-18 15:00:07,1
34,,Drud,Gerish,dgerishx@goo.gl,SIYaUNioR,,1
35,,Nanni,Rozsa,nrozsay@google.pl,auIEqDGMYcl0,1971-05-30 14:05:26,1
36,,Alina,Scading,ascadingz@nsw.gov.au,qVv44Fr,2002-12-15 02:13:08,1
37,,Orin,Thirtle,othirtle10@zdnet.com,gmd0uoloIk,1972-11-08 02:40:12,1
38,,Nonna,McLay,nmclay11@bandcamp.com,vie8JLNgeg,1998-03-26 00:57:38,2
39,,Barrett,Siveter,bsiveter12@tinypic.com,fvwND4WbVsp,2003-05-26 12:35:16,1
40,6504066605,Jaquenette,Castanho,jcastanho13@infoseek.co.jp,SI4wcVIXBeV,2003-06-20 13:56:23,1
41,,Jillana,Claridge,jclaridge14@amazon.com,lTCftAkJb8M,,2
42,9318910716,Ervin,Feitosa,efeitosa15@bravesites.com,FBnLoRCmOSE,,1
43,8216550320,Fionna,Kop,fkop16@com.com,cNbGk761Nnm,1966-08-16 00:19:07,1
44,1414429461,Kamillah,Giacobelli,kgiacobelli17@sfgate.com,sEEDXZSJx,1952-07-11 19:45:09,1
45,,Uriel,Wyper,uwyper18@archive.org,gCWENR,1997-01-29 18:18:44,1
46,,Dinny,Higford,dhigford19@harvard.edu,bpuggLF,,1
47,9155002149,Timmy,Torr,ttorr1a@acquirethisname.com,zVZgYPDIOsZ2,1998-11-27 14:16:47,1
48,4304258912,Callean,Peace,cpeace1b@histats.com,FyrhhiLqBaJ,1982-04-07 04:18:43,1
49,2386256077,Mac,Steane,msteane1c@shop-pro.jp,e1avIM,,1
50,7974826002,Ara,McKenney,amckenney1d@cloudflare.com,yZzJJVbv,1998-07-31 01:11:38,1
51,9453803679,Ase,Tourry,atourry1e@trellian.com,2dIXMJN,1968-10-18 15:54:47,1
52,6557249695,Rina,Winn,rwinn1f@wp.com,1D1BRG6G,1952-08-26 23:32:38,1
53,,Tate,Gretton,tgretton1g@cbc.ca,3hEb5iL0m,2004-11-25 19:19:53,1
54,6639171502,Darda,Buckney,dbuckney1h@mit.edu,cA9cjahFFFW,1966-06-04 07:42:19,1
55,,Saul,Blonfield,sblonfield1i@digg.com,UO1lrUQJg,1958-11-19 03:46:32,1
56,,Letti,Ballantyne,lballantyne1j@goo.gl,38pLtPg6,,1
57,3311259839,Bobinette,Dightham,bdightham1k@cbc.ca,wSF7noT5xdPo,1990-06-04 01:16:28,1
58,9054452218,Cherice,Piel,cpiel1l@smugmug.com,rVh1M3,1989-04-30 08:24:04,1
59,,Auberon,Kubicek,akubicek1m@msu.edu,wxhfU3,1985-06-14 15:30:36,1
60,8835472324,Evaleen,Gettins,egettins1n@loc.gov,dwoYcXQ4Ueh,1999-06-15 20:47:23,1
61,,Rosana,Alvarado,ralvarado1o@gnu.org,V8b5seJD,1954-07-10 09:17:04,1
62,,Jacky,Kirkwood,jkirkwood1p@macromedia.com,EXcW2iHQT,1995-09-02 21:38:33,1
63,3662279111,Alano,Cersey,acersey1q@wired.com,WslUQJ,,1
64,1385682667,Duncan,Papaminas,dpapaminas1r@va.gov,efeJOSgCMGE4,,1
65,,Nicki,Bumfrey,nbumfrey1s@discovery.com,JyDpO0Yo8pO,,1
66,9715617467,Hugibert,Maestro,hmaestro1t@123-reg.co.uk,oKssqmxt38,1966-09-16 21:24:20,1
67,5074215514,Agna,Lindsell,alindsell1u@latimes.com,DvWKSFqb7L5d,,1
68,4283753464,Rodger,Course,rcourse1v@earthlink.net,ToltLsY,1952-08-21 22:17:08,1
69,,Ximenes,Reicharz,xreicharz1w@pinterest.com,aGsZ4XzE0OzP,,1
70,,Kaitlynn,Dunleavy,kdunleavy1x@answers.com,1EuF75,,1
71,8457507074,Garrik,Mortimer,gmortimer1y@google.de,wWlR4q9r,2004-11-10 11:12:15,1
72,1734908213,Sheelagh,Cromb,scromb1z@storify.com,JwKPb3E8y7d,1981-03-25 08:41:48,1
73,,Rhiamon,Woodburne,rwoodburne20@yellowpages.com,FtRemq,1987-09-21 16:13:13,1
74,8839019533,Gherardo,Forsbey,gforsbey21@cnet.com,HG7buosqgT,1950-05-22 23:01:49,1
75,,Lucienne,Semrad,lsemrad22@nature.com,Gkn5rHjWNo,1970-04-18 00:34:20,1
76,7346300773,Ezra,Garbar,egarbar23@xrea.com,2PEiEQV0b6,,1
77,,Guenna,Josephy,gjosephy24@umich.edu,N87GqSr,1960-11-05 23:36:03,1
78,7815590302,Sindee,Tatterton,statterton25@ftc.gov,tY7lUj0Y,,1
79,,Beth,Drabble,bdrabble26@un.org,aqYhiD4d,1971-08-21 01:15:25,1
80,6189241150,Vinnie,Botley,vbotley27@hhs.gov,4yDwHq,1998-10-26 09:41:42,1
81,,Kizzie,Chape,kchape28@sohu.com,BApqlJCgl,1961-05-27 17:43:43,1
82,6036965591,Wilfred,D'Errico,wderrico29@nba.com,gaQDUN2l5K,1957-03-28 21:58:56,1
83,5557235229,Bondie,Vile,bvile2a@live.com,cKfgomzNIiAk,1975-06-07 23:15:47,2
84,,Lyndsay,Robotham,lrobotham2b@arstechnica.com,0fnalsSFfLb,1998-10-08 00:50:54,1
85,3462070712,Penelope,Bartles,pbartles2c@so-net.ne.jp,udw3Vjs,1968-11-21 12:32:40,1
86,,Anneliese,Jorio,ajorio2d@dropbox.com,d1xzMG4qfjZ,1989-04-06 09:10:39,1
87,4693180110,Alexi,Dockwra,adockwra2e@surveymonkey.com,BGMVTr,1959-04-10 04:06:27,1
88,5848166555,Andrei,Ottewill,aottewill2f@berkeley.edu,nMpBa01y6,1975-11-11 07:01:59,1
89,7724815095,Shanan,Wimms,swimms2g@blogtalkradio.com,sH8jpR8LOIv,1975-03-19 23:19:19,1
90,6448353497,Neddie,Lebarree,nlebarree2h@exblog.jp,GeVuMG,1969-07-05 04:05:14,1
91,,Axe,Mintrim,amintrim2i@seesaa.net,o3W2OPtFi,1969-11-22 11:45:34,1
92,5141103405,Parsifal,Maund,pmaund2j@va.gov,Q2k0mivAC5p,1991-08-01 21:38:13,2
93,,Webster,Bricham,wbricham2k@usgs.gov,Mef4ncdL9,,1
94,6432186886,Cinda,Scholes,cscholes2l@senate.gov,HyeB9GYGvg,,1
95,5268932363,Lorelei,Fink,lfink2m@etsy.com,TkgGvH55u,,1
96,5593631651,Danny,Toope,dtoope2n@fotki.com,chOZGX0Y,1950-12-06 23:32:27,1
97,9105476878,Sarina,Blogg,sblogg2o@ning.com,ZbafybxMvH1l,,1
98,9674347047,Pamela,Thacke,pthacke2p@wunderground.com,7Em2I5bl6CU,1995-10-07 03:28:48,1
99,,Zed,Corhard,zcorhard2q@nymag.com,6qZ1g1G,1994-09-20 11:26:18,1
100,,Lorrie,Stuehmeyer,lstuehmeyer2r@e-recht24.de,1zzN5OV,,1
101,3375532961,Jesse,Kingsly,jkingsly2s@usa.gov,TLudypQgckS,,1
102,,Dav,Stefi,dstefi2t@weather.com,H8zfyiu,1951-05-21 21:53:17,1
103,6056791077,Lucais,MacNeely,lmacneely2u@webmd.com,LBottsKUd,,1
104,4559649410,Keriann,Benezeit,kbenezeit2v@seattletimes.com,zBL1K6hgZ65,1989-11-02 02:54:39,1
105,2451818205,Ham,Martynov,hmartynov2w@jigsy.com,84BzvTkKh,1997-07-14 06:51:10,1
106,9556042881,Elsy,Menco,emenco2x@t.co,PsSlDeVeXH,1992-04-16 12:12:31,1
107,7224666980,Emmalynn,McHaffy,emchaffy2y@blogs.com,bMmL9IeUUB,1992-07-27 08:21:45,1
108,7245145395,Kellsie,Josephi,kjosephi2z@opensource.org,KHxN9yR,1987-10-09 06:13:35,1
109,2624000302,Winnie,Vignal,wvignal30@printfriendly.com,3xpphvVPVe,1998-05-19 09:05:29,1
110,9341392484,Myrwyn,Renyard,mrenyard31@wufoo.com,mzqDTzpe2ki,1986-07-18 06:21:18,1
111,,Pollyanna,Dannohl,pdannohl32@woothemes.com,TXnuZIUJ,,1
112,,Holly,Issard,hissard33@barnesandnoble.com,beFdwSoSm5Db,,1
113,1507071777,Bryanty,Cambridge,bcambridge34@linkedin.com,Yl0NPWnBgIZ,,1
114,6384892356,Gates,Espley,gespley35@artisteer.com,4lW92vtApDL,1980-05-17 14:28:07,1
115,8862435491,Frasquito,Brazelton,fbrazelton36@networksolutions.com,SUTARLDL3,,1
116,,Mylo,Beldon,mbeldon37@msu.edu,VK5hF65iz0c,1995-06-11 17:07:46,1
117,9023575310,Abramo,Lovat,alovat38@rambler.ru,MTcyJgnaf,1968-11-18 15:08:47,1
118,,Rupert,Baskwell,rbaskwell39@biblegateway.com,rtt39sC3g7Qe,1977-08-01 17:04:26,2
119,1224483557,Nan,Cluely,ncluely3a@ameblo.jp,EApD7y,1980-04-18 03:20:28,1
120,,Quinton,Blackborow,qblackborow3b@adobe.com,jPbv5K6m9c1b,1952-07-30 23:16:54,1
121,2088520339,Riobard,Elph,relph3c@alexa.com,4QmlXWh,,1
122,3313505720,Aloisia,Finby,afinby3d@dmoz.org,QQDnw3,,1
123,6422396123,Del,Vearnals,dvearnals3e@narod.ru,tY04uD,1964-09-17 03:57:25,1
124,8689230191,Isaiah,Antonetti,iantonetti3f@sbwire.com,uUfA4gJ5eUlM,,1
125,3011120569,Franciskus,Mariel,fmariel3g@usgs.gov,x1kG5IrqRP20,1954-06-06 10:18:14,1
126,,Virgina,Samudio,vsamudio3h@sfgate.com,QUuMR2aCE,1964-04-27 04:37:29,1
127,9948823314,Irwinn,Claw,iclaw3i@mozilla.com,zAIr91aJUqo,1995-03-24 13:39:12,1
128,,Rance,Speed,rspeed3j@dedecms.com,35uEPA,1950-08-15 17:06:42,1
129,3702111969,Jack,Seawright,jseawright3k@myspace.com,w5eekT,1953-06-06 13:23:38,1
130,7817413391,Rosana,Padula,rpadula3l@slate.com,HYlFFiyhv,1962-04-25 22:23:59,1
131,1358712352,Jammie,Whitnell,jwhitnell3m@free.fr,HXveBo,1958-10-27 20:45:33,1
132,,Helen,Tippings,htippings3n@google.nl,0fX2HDjJH,1990-08-10 03:23:54,1
133,9724223491,Lilia,Seccombe,lseccombe3o@uiuc.edu,iQ0i6NI9el2n,,1
134,8454095421,Katya,Jamson,kjamson3p@over-blog.com,Xp5JNAgXY,,1
135,,Archer,Donahue,adonahue3q@163.com,G0FrwKSEBa,1951-07-21 23:53:19,1
136,1229854465,Jannelle,Burg,jburg3r@comcast.net,SOpi2et3X6,,1
137,,Spense,Denecamp,sdenecamp3s@home.pl,ew4ucUz,,1
138,,Alphonse,Daville,adaville3t@stanford.edu,gZ8SmP0MFn1Y,,1
139,3402571478,Jenni,Danes,jdanes3u@tiny.cc,r5DzJQyVgd,1965-01-31 01:56:17,1
140,,Ruddy,Ayers,rayers3v@gravatar.com,48Dg2tGvMto,1984-09-09 19:31:01,1
141,5556293175,Giorgio,Eberst,geberst3w@gravatar.com,hwy9chRtlOd,1956-11-17 11:14:18,1
142,8264109803,Kimberli,Storrier,kstorrier3x@cmu.edu,k1lIK4iY,2002-10-26 00:06:44,1
143,2393905377,Waneta,Roback,wroback3y@vistaprint.com,U2RtFm7a,,1
144,7132750539,Wendall,Coursor,wcoursor3z@technorati.com,JQxsSnw,1993-11-21 22:20:09,1
145,8673275290,Pauly,Crabtree,pcrabtree40@google.com.br,zuL22E7e,2003-09-04 00:02:56,1
146,3967271322,Siouxie,Cruz,scruz41@go.com,XWW6wJTal,1989-12-04 06:03:33,1
147,9793555074,Baron,Grog,bgrog42@dyndns.org,2K3HoYWR0,,1
148,1816859304,Ryley,Gregoraci,rgregoraci43@mysql.com,5u59t0ZDis,,1
149,,Loretta,Suffe,lsuffe44@theguardian.com,XJBvuu9SjL4,1970-10-23 04:04:40,1
150,,Matthus,Bridie,mbridie45@foxnews.com,qcBQcezA,1968-11-29 01:11:59,1
151,,Valentine,Wards,vwards46@arizona.edu,yqBqzDUQdVTK,,1
152,,Genni,Fricker,gfricker47@sina.com.cn,giEKykrMyu,,1
153,8166356925,Ragnar,Moreby,rmoreby48@newsvine.com,es1GTrVZN2,1959-07-26 05:29:20,1
154,2753243153,Ethel,Pleasance,epleasance49@ft.com,VCKMbcCh,,1
155,7232773685,Elisha,Nuzzetti,enuzzetti4a@google.de,554drcluUl0,1991-03-22 16:00:41,1
156,5343105043,Barney,Poore,bpoore4b@mac.com,OALMffGK,1951-04-10 02:41:19,2
157,1494125795,Shell,Kingsly,skingsly4c@ted.com,uU5BMM03TxdG,1961-05-21 06:57:44,1
158,,Elbertina,Baccup,ebaccup4d@nba.com,LjV0yqA,2002-11-06 07:38:50,1
159,9586135857,Olia,Larsen,olarsen4e@nyu.edu,vZ5QIF4jP,,1
160,6687691751,Hugibert,Kleinhaus,hkleinhaus4f@ucoz.com,cWGebWsDU,1994-12-05 21:15:45,1
161,,Riordan,Fosher,rfosher4g@amazon.co.uk,Tlf6a6x,1958-04-06 04:54:30,1
162,5841805979,Kandace,Aherne,kaherne4h@discuz.net,7HdkqzuSb,1966-10-26 03:48:40,1
163,1579143162,Letitia,Hallows,lhallows4i@fda.gov,ZiOrsFpjIV,2002-03-18 20:56:43,1
164,,Anneliese,Harkus,aharkus4j@flavors.me,esmL3s,,1
165,9042289262,Sinclair,Gipps,sgipps4k@wiley.com,BU4Nd6OUkawp,1959-05-05 07:40:38,1
166,,Izzy,Cram,icram4l@economist.com,yl8Mxl9AON,,1
167,,Miran,Birney,mbirney4m@ustream.tv,C9GkQ6GVT,2000-12-18 18:59:40,1
168,,Hannis,Bows,hbows4n@va.gov,lJdMdHiyrSK,,1
169,,Koral,Budgey,kbudgey4o@meetup.com,wqRyj3A,1973-07-22 09:18:16,1
170,,Giffy,Belloch,gbelloch4p@discuz.net,cs9dPx,1994-08-16 05:27:17,1
171,7675186892,Cindi,Gimbrett,cgimbrett4q@twitpic.com,5B1cEtOGT1,1991-08-12 19:09:44,1
172,,Alasdair,Sein,asein4r@blogger.com,nXXUDh,,1
173,3399977239,Cosmo,Swede,cswede4s@yolasite.com,Pn94MjT0,,1
174,,Matthieu,Snowden,msnowden4t@ask.com,AsQt8LZ,,1
175,,Ogdon,Dailey,odailey4u@wikimedia.org,lycCvAT,1997-11-27 21:50:58,1
176,,Annie,Cornell,acornell4v@fda.gov,HXl9Nksgzn,1983-08-31 03:32:49,2
177,9355756233,Amble,Aspling,aaspling4w@europa.eu,Pk5bC1N7xe5Y,,1
178,2126533813,Fawnia,Coulthart,fcoulthart4x@issuu.com,F7JN0wal9CU,1982-10-29 05:35:40,1
179,5238892640,Augustina,Lago,alago4y@columbia.edu,78ESo9,1964-01-08 23:04:56,1
180,,Even,Santon,esanton4z@ebay.co.uk,ZkHWGf,1979-11-22 07:50:49,1
181,8374150448,Teddie,Cunney,tcunney50@cbsnews.com,kyecTFigktTS,,1
182,,Matthew,Ingilson,mingilson51@scribd.com,JLzXuIWOCoBc,1954-02-15 19:48:06,1
183,,April,Linkin,alinkin52@creativecommons.org,DyFlhd98,1989-09-11 14:18:10,1
184,4742475924,Mandel,Grayshan,mgrayshan53@eventbrite.com,4b0CuOn,2000-06-01 07:37:34,1
185,8183764730,Veronica,Lagneaux,vlagneaux54@xinhuanet.com,FhcU6SIs,1978-10-11 19:52:35,1
186,8147783309,Jenni,Hallewell,jhallewell55@e-recht24.de,WWA2QU,,1
187,3408916052,Alix,Barry,abarry56@ft.com,G1wJmZWWV0,1982-07-24 05:52:57,1
188,,Zonda,Seeley,zseeley57@quantcast.com,mJExMu559B,1951-11-16 08:48:07,1
189,,Lizzy,Boundey,lboundey58@zdnet.com,hhCtydvPN,1970-10-19 06:07:09,1
190,,Blair,Privett,bprivett59@posterous.com,9jaq0eNuk,2003-10-24 17:42:31,1
191,3769687183,Berty,Pattillo,bpattillo5a@bravesites.com,SaWmX7,,1
192,2598518512,Binky,Mongan,bmongan5b@bloomberg.com,VmKH2RAzQGI,1995-05-20 19:36:33,1
193,,Ram,Snoxall,rsnoxall5c@netscape.com,eVh5ILlW,1990-08-11 18:11:48,1
194,5344878340,Standford,Messham,smessham5d@alexa.com,PvwDVaCcyq9m,1965-08-06 22:36:59,1
195,5653266756,Cherin,Carnson,ccarnson5e@miibeian.gov.cn,fEOKe4oD,1972-01-15 00:23:35,1
196,4938009679,Helen-elizabeth,Newart,hnewart5f@e-recht24.de,byIuASY5BJr,,1
197,3727792318,Amy,Bazell,abazell5g@businesswire.com,W5O1MtK9,,1
198,,Lianna,Josephov,ljosephov5h@mysql.com,re3oOW,1985-02-24 05:46:49,1
199,,Cordelia,Bridgestock,cbridgestock5i@eventbrite.com,HXZZaR9,1983-04-30 17:35:57,1
200,,Marley,Goodread,mgoodread5j@amazonaws.com,qmF85D,1951-11-09 14:35:08,1
201,9475789122,Lisette,Kirstein,lkirstein5k@miibeian.gov.cn,ncBJc3D,1971-12-07 14:51:36,1
202,,Jonathon,Laws,jlaws5l@ibm.com,pXv7fKaW8Rm,1959-07-22 04:54:42,1
203,2398249177,Amalie,Klamman,aklamman5m@toplist.cz,fu4opm,1955-02-02 19:52:41,1
204,3712634606,Melanie,Bartolomeazzi,mbartolomeazzi5n@arstechnica.com,OjbJqb,1993-04-27 04:17:01,1
205,4936724216,Sherlock,Broose,sbroose5o@youtube.com,PjuWLevcst,1997-04-24 23:00:51,1
206,,Kimberly,Chater,kchater5p@wisc.edu,Ye41p1uf4,,1
207,,Jamill,Kneeshaw,jkneeshaw5q@webs.com,YiEAmu,1984-04-23 02:40:36,1
208,5607454452,Ruy,Knipe,rknipe5r@reverbnation.com,wMv984KM,2002-01-31 21:52:43,1
209,,David,Munnings,dmunnings5s@barnesandnoble.com,ybcvxoAvp,2004-08-31 09:29:31,1
210,9867496217,Corny,Doddemeede,cdoddemeede5t@dailymotion.com,gAHVG1LB,,1
211,6716529709,Ursula,Firebrace,ufirebrace5u@cloudflare.com,MKa7jY,1956-06-23 04:52:04,1
212,9942650349,Dawna,Orbell,dorbell5v@cmu.edu,Lqs2UvYE4BfK,1975-03-13 22:17:05,1
213,2076064486,Mariana,Staddom,mstaddom5w@cmu.edu,w506C1,1974-01-18 23:28:01,1
214,,Lyndel,Hillen,lhillen5x@google.es,jKWS2fAw,1978-06-10 07:10:35,1
215,1625799082,Jorry,Maier,jmaier5y@about.me,cwStQ1K,,1
216,,Hillard,Addyman,haddyman5z@yolasite.com,Txpqlxh,1994-09-29 16:15:08,1
217,1037525457,Marlie,Fritschmann,mfritschmann60@w3.org,9GJlHeSe,1987-07-05 20:37:32,1
218,2405767560,Ciro,Chandlar,cchandlar61@fastcompany.com,MFrQM8h,,1
219,,Joelly,Piccard,jpiccard62@abc.net.au,FlpGbkq6wMFB,1991-05-16 03:23:23,1
220,,Hercule,Fittis,hfittis63@ft.com,RclyE1,1986-10-29 10:51:09,1
221,6217222441,Andrey,Pauncefort,apauncefort64@theatlantic.com,41GuvY0svgxb,1993-12-11 20:36:37,2
222,,Rosco,Fleis,rfleis65@mit.edu,GphGZg,1969-12-07 14:03:00,1
223,6802683842,Kassey,Voas,kvoas66@si.edu,IzzDpALIb,,1
224,1746314239,Denny,McTerrelly,dmcterrelly67@army.mil,ebHEo8r,2005-10-23 06:44:10,1
225,5041506425,Sherye,Vecard,svecard68@youtu.be,69InL5r4cAXp,,1
226,1337116509,Constantino,Hercules,chercules69@timesonline.co.uk,PRPwW6ZOQW2,,1
227,9028019887,Hirsch,Brenstuhl,hbrenstuhl6a@ask.com,NieJFkpl3gYU,1996-02-05 00:33:54,1
228,,Donnajean,Christoforou,dchristoforou6b@cdbaby.com,fZ6bfaz1o,,1
229,8532515943,Harriett,Grimsditch,hgrimsditch6c@flavors.me,NLLq9M4XO3Tx,,1
230,,Lorna,Sauvage,lsauvage6d@comsenz.com,HEfHuV4,2003-07-27 13:52:52,1
231,1799316313,Darlleen,Froude,dfroude6e@cbslocal.com,t2inWkFaB,1986-10-23 23:23:00,1
232,,Guy,Darwood,gdarwood6f@ehow.com,yClFeCnZx,1999-04-25 16:14:31,1
233,9894276898,Lusa,Eyers,leyers6g@vk.com,20r9seM,,1
234,,Maddi,Milbourne,mmilbourne6h@cisco.com,j6KSd395Wtge,,1
235,4138016702,Marianne,Ambrosch,mambrosch6i@ezinearticles.com,PN1EjvSUvv,1955-05-03 10:07:46,1
236,1465710113,Ruby,Lamborne,rlamborne6j@ca.gov,tuyb9Db,1992-12-08 03:26:33,1
237,,Averil,Thominga,athominga6k@studiopress.com,ctZwJcxMX,1989-11-18 06:13:32,1
238,,Fanya,Atchly,fatchly6l@slideshare.net,MAhYC2wUL,,1
239,7363111096,Garry,Louis,glouis6m@reverbnation.com,pPmum31CmdW,1950-12-21 07:24:33,1
240,,Mabel,Bare,mbare6n@cdbaby.com,G39wgvQQm8bc,2005-06-22 07:04:20,1
241,3195371325,Randie,Ticksall,rticksall6o@yellowpages.com,UeK1VJFbh,1995-07-01 18:31:52,1
242,8693333250,Walker,Benedicte,wbenedicte6p@parallels.com,SKjvFR7bFq3I,2004-03-03 15:13:06,1
243,7327886915,Edy,Saull,esaull6q@ed.gov,1rkRwrwmfk,,1
244,8848984349,Fidela,Kightly,fkightly6r@abc.net.au,6lffCWpJru,1987-06-11 04:39:22,1
245,5417092292,Kessia,Egentan,kegentan6s@mashable.com,PdX1wzzSs6,1973-11-01 04:18:55,1
246,3414923395,Hanny,Moreland,hmoreland6t@vkontakte.ru,PyNY0qKhdE4,1994-11-29 12:55:24,1
247,4076663364,Carline,Doonican,cdoonican6u@ezinearticles.com,PRD82xw,1969-02-23 00:18:47,1
248,9047146742,Read,Pendre,rpendre6v@xrea.com,7mWD3IEeD1,1967-05-21 01:01:02,1
249,4793459142,Aluino,Tessyman,atessyman6w@cpanel.net,lLV64QJN,2001-07-31 21:42:33,1
250,,Towney,Hegg,thegg6x@google.co.jp,ovIAzrufq,2002-08-10 05:47:26,1
251,,Livy,O' Mara,lomara6y@icq.com,r2Q0SqcBm,1998-09-30 22:58:32,1
252,,Kilian,Bleything,kbleything6z@examiner.com,xX6igv,1973-02-08 12:31:13,1
253,5667402012,Ebba,Fabri,efabri70@hc360.com,0Cl2UhGuMgU,1983-10-23 04:06:06,1
254,5415655922,Pen,Tanser,ptanser71@canalblog.com,6DIF8m,2005-07-09 10:11:17,1
255,8599271802,Olva,Joust,ojoust72@smugmug.com,arVP19iaE,1982-01-22 04:41:58,1
256,,Rorie,Schwand,rschwand73@ft.com,RMun0Q,1984-09-09 07:43:34,1
257,,Shelton,Neillans,sneillans74@digg.com,iNvDTd0d3,1989-12-23 22:17:19,1
258,9825150867,Randie,Bellham,rbellham75@tinyurl.com,vVD1u8,1952-09-13 00:32:55,1
259,9218161317,Cecile,Ellor,cellor76@w3.org,l89VnAK,1990-03-16 21:17:54,1
260,,Krystyna,Pringley,kpringley77@wikimedia.org,TgNdP8,1996-12-25 08:33:19,1
261,6519673775,Anni,Thorwarth,athorwarth78@google.ca,ck6RBmuxz,1965-01-06 10:23:56,1
262,6181256503,Flynn,Redmain,fredmain79@cafepress.com,sWKZVh7RHlH,1998-02-20 04:54:30,1
263,,Meade,Aubin,maubin7a@yahoo.co.jp,1TRTLs,,1
264,,Myron,Wickson,mwickson7b@nasa.gov,Ul1NEsIsC,1999-07-06 00:07:35,1
265,4871982162,Brook,Oliff,boliff7c@samsung.com,mWppTk8,1957-10-06 18:33:52,1
266,6468650538,Milo,Macon,mmacon7d@weibo.com,eZxSZDQlw,,1
267,9132464382,Aland,Bosher,abosher7e@google.cn,ZnTahS4jm,,1
268,3323633532,Farrah,Weyland,fweyland7f@chronoengine.com,T88b5tfp8IR,1965-10-22 07:47:52,1
269,4368023972,Ruthi,Trewett,rtrewett7g@360.cn,2nkDkij,2003-07-28 18:43:40,1
270,9625724608,Esther,Innis,einnis7h@guardian.co.uk,JsPB1SQ9BT,,1
271,6421438872,Fair,Depka,fdepka7i@icq.com,GDCEMSHyXi,1986-04-07 03:38:46,1
272,,Worthy,Nagle,wnagle7j@loc.gov,GHqU8B1,1999-02-21 00:11:11,1
273,,Jorie,Angrove,jangrove7k@fda.gov,RlYILw,,1
274,2608571618,Kathrine,Chaplin,kchaplin7l@arizona.edu,JsqZsQNlxdKd,1999-11-30 21:09:17,1
275,2477970757,Elbertina,Ranscomb,eranscomb7m@hexun.com,0jKqCb,1950-12-30 08:50:31,1
276,7561202321,Markos,Sutter,msutter7n@unblog.fr,AmmxJCY,1959-04-18 02:43:37,1
277,,Beryl,Freddi,bfreddi7o@blinklist.com,6Hz8zJfvwHxX,1954-12-08 06:00:00,1
278,4588886784,Chloris,Hedges,chedges7p@huffingtonpost.com,SKquAlRpH,,1
279,,Rhona,Golds,rgolds7q@4shared.com,kUzzUkXneb,1979-09-24 13:18:50,1
280,9163152635,Mavis,Mecozzi,mmecozzi7r@cornell.edu,4eGcvm4mM0,1985-08-28 22:54:39,1
281,,Bess,Trudgian,btrudgian7s@europa.eu,QYypxaL6tvS,,1
282,4764808597,Salvidor,Tortoise,stortoise7t@privacy.gov.au,ysmJGOvyxE3,1966-03-02 12:52:05,1
283,3446857435,Lynda,Pearn,lpearn7u@surveymonkey.com,uLJ87HaRpa,1998-10-09 12:51:18,1
284,,Cherish,Woodrup,cwoodrup7v@ftc.gov,RJOAKj,1950-04-20 13:13:45,1
285,9399574483,Janeczka,Walkowski,jwalkowski7w@salon.com,NU6VvC,1958-04-07 01:21:55,1
286,,Marieann,Boxen,mboxen7x@oracle.com,43SIKhKZUg7,1956-02-07 09:04:33,1
287,1031560534,Myrwyn,McVie,mmcvie7y@goodreads.com,fkr5yuguMApH,1963-01-25 04:53:40,1
288,9074964148,Kristien,Davidovics,kdavidovics7z@goo.ne.jp,2nr6Hw,1967-03-21 03:30:51,1
289,2194092650,Filia,Shera,fshera80@miitbeian.gov.cn,DvJSw4h0N4X,1988-04-03 22:06:55,1
290,,Baldwin,Fleet,bfleet81@state.tx.us,586nXjjP0,,2
291,7402948906,Lynnet,Umfrey,lumfrey82@biglobe.ne.jp,qoPxnnxn,1994-11-14 17:54:21,1
292,,Talyah,Wybron,twybron83@dyndns.org,pMOO2auNYE,1963-04-13 14:35:44,1
293,,Moyna,De Cristofalo,mdecristofalo84@hugedomains.com,sNYvBM2G0,2000-01-08 12:35:24,1
294,7142404148,Gustavus,Cowles,gcowles85@deliciousdays.com,0BAFLDK,1970-11-05 17:00:47,1
295,2939268670,Granny,Lumby,glumby86@mysql.com,bEKjBDzStwPc,2005-02-10 19:39:28,1
296,,Colman,Nansom,cnansom87@ycombinator.com,wWyQ7o9l7iD4,1982-10-19 10:32:27,1
297,4517133200,Birch,Cretney,bcretney88@usnews.com,NR8p0Ohc9,1965-02-07 12:06:24,2
298,9762677549,Dewie,Ianetti,dianetti89@bloomberg.com,PGjmcH,1966-09-24 23:47:52,1
299,5416178756,Lil,Freda,lfreda8a@ucoz.ru,wIvJwrB,1983-11-10 02:35:48,1
300,,Marlowe,Jerrard,mjerrard8b@github.io,YwyKvAf5lyex,,1
301,,Claudian,McKnockiter,cmcknockiter8c@zdnet.com,RFetL6Rrg,,1
302,5551351865,Randal,Geratasch,rgeratasch8d@usa.gov,LAuGTCCGNYr,1982-09-09 09:08:56,1
303,,Ivett,Cowdery,icowdery8e@ehow.com,6gLHhR,1980-06-05 12:09:34,1
304,3147989021,Noby,Paschek,npaschek8f@yellowbook.com,wJqDn66WYo,,1
305,,Keeley,Goscomb,kgoscomb8g@is.gd,1d2cpiT697m,1980-02-26 09:13:27,1
306,1615218573,Berke,Jaggi,bjaggi8h@howstuffworks.com,2xF4xDrMYQb,1957-05-21 08:24:13,1
307,,Darrell,Andrick,dandrick8i@irs.gov,RUeix9,1975-10-26 05:59:07,1
308,,Cassandre,Orris,corris8j@army.mil,QoSIvrEI,1991-05-02 15:22:22,2
309,2325228024,Barty,Reckhouse,breckhouse8k@g.co,ucXOsaMECCR,1967-12-28 23:43:55,1
310,1713016966,Paulie,Deinhard,pdeinhard8l@princeton.edu,su4vwYs3,2000-02-06 13:01:52,1
311,,Claudette,Escott,cescott8m@dot.gov,2O6Tpak,1978-05-17 21:27:35,1
312,,Eryn,Troyes,etroyes8n@mapy.cz,2pz1TZ6B,,1
313,,Rodi,Bruty,rbruty8o@ftc.gov,Wig3Nq,1980-09-17 08:25:46,1
314,3453260501,Ariadne,Yeude,ayeude8p@buzzfeed.com,yfscZYbp,1981-08-06 12:18:37,1
315,,Ham,Hurry,hhurry8q@ebay.com,ci3KvgU,1959-10-03 08:28:21,1
316,3302088956,Gerry,Dilliway,gdilliway8r@fotki.com,rC9arwiXPtH,1952-12-14 00:52:44,1
317,,Chandra,McKernon,cmckernon8s@amazon.co.jp,48G8G2Fg,1971-03-13 06:24:08,1
318,,Abby,Sizland,asizland8t@zimbio.com,cXgT2pkivBg,,1
319,3598134939,Samantha,Verrell,sverrell8u@washington.edu,UTDazo3j6WgZ,1979-01-17 22:40:19,1
320,7054448121,Parker,Douse,pdouse8v@altervista.org,KXDY4hUZ9,1990-02-20 11:09:44,1
321,4143177373,Neddy,Gillison,ngillison8w@amazonaws.com,Kd0DW1,1971-03-30 01:40:41,1
322,8984875043,Jolee,Mannin,jmannin8x@hao123.com,w6eoulJGpO,,1
323,6862369620,Roderic,Hoodless,rhoodless8y@miitbeian.gov.cn,MvlxKbE7Ph,1974-01-16 20:27:04,1
324,,Jock,Moro,jmoro8z@apple.com,Ci9JRku,,1
325,6507837922,Enoch,Dayment,edayment90@paginegialle.it,oGMFHu,1950-09-25 19:29:43,1
326,3605485023,Bear,Reek,breek91@cbslocal.com,71rdCzN,1984-09-28 23:16:48,1
327,8739887956,Salomo,Whodcoat,swhodcoat92@hc360.com,XrAkBugb,1953-07-03 18:01:30,1
328,,Lucinda,Oliveti,loliveti93@networksolutions.com,uDRsWnrKYqQ,1957-05-01 18:12:48,1
329,6182418631,Mitchael,Robbs,mrobbs94@360.cn,Ly0yexMr4Yq,1996-05-23 08:34:04,1
330,,Jackquelin,Inkpin,jinkpin95@ft.com,QtxRe7,,1
331,5179236827,Michel,Kobierra,mkobierra96@globo.com,scG0RT524,1964-05-31 11:45:53,1
332,2794747183,Ula,O'Neal,uoneal97@npr.org,YokoEbRn9W9j,1979-02-14 20:17:32,2
333,,Cathee,Cruxton,ccruxton98@facebook.com,hugVCN6,,1
334,,Niven,Nathon,nnathon99@biblegateway.com,VZavrTDLDFk6,,1
335,,Linn,Renney,lrenney9a@nymag.com,abB08cXLb5Jk,1957-06-30 09:09:29,1
336,2618584640,Elena,Mathwin,emathwin9b@berkeley.edu,LxMitfT,,1
337,,Dorris,Tackley,dtackley9c@blogs.com,mhcsZ8Csl,1973-09-03 07:30:22,1
338,,Bunnie,Cherrison,bcherrison9d@hibu.com,i6dtnOv,2004-11-12 20:07:06,1
339,,Jordana,Pomeroy,jpomeroy9e@cdbaby.com,OHZkEmc9,1956-06-01 20:28:58,1
340,,Jordan,Mandrier,jmandrier9f@dion.ne.jp,F8O8OF,1980-09-11 13:19:32,1
341,,Terrel,McElwee,tmcelwee9g@surveymonkey.com,gIfakf,1954-01-12 12:26:35,1
342,9866515658,Ansel,Moulder,amoulder9h@bizjournals.com,HcPYG9,,1
343,,Cher,Beuscher,cbeuscher9i@amazon.com,8iOrJCy,,1
344,,Karlyn,Wick,kwick9j@utexas.edu,K8f9fvA,1984-09-18 07:13:07,1
345,,Siffre,Pollitt,spollitt9k@squidoo.com,8006y8WRz,1970-07-23 14:32:24,1
346,2653707039,Kerwin,Lithgow,klithgow9l@mozilla.com,fpCaEpirUQaZ,1967-01-17 07:34:14,1
347,1798308025,Juliette,Fessler,jfessler9m@si.edu,D3bC460Ch,1974-03-25 08:46:25,1
348,,Rolando,Kibby,rkibby9n@cnbc.com,3hhxwm,,1
349,,Lanny,McCunn,lmccunn9o@hexun.com,iBW8K7FwSrc,1977-02-01 10:34:42,1
350,,Aloin,Tressler,atressler9p@opera.com,sUuzdC,1975-06-30 07:54:35,1
351,9494616961,Minette,Kinahan,mkinahan9q@mail.ru,7FqvkjtAVm,1954-01-16 05:04:54,1
352,9461141915,Allyn,Hobgen,ahobgen9r@ebay.com,mSTSOpqM7pJg,1985-11-24 11:04:30,1
353,,Hagan,Colebourne,hcolebourne9s@so-net.ne.jp,FnOtSMlqUr,1958-12-06 10:00:17,1
354,,Mar,Roome,mroome9t@nsw.gov.au,TKWy8amM,1976-05-28 16:49:24,2
355,,Aurie,Vanns,avanns9u@studiopress.com,7qZ2m6ry,,1
356,,Gert,Bourdas,gbourdas9v@phoca.cz,SvNHQUzG1U,2004-04-12 08:20:32,1
357,5939204183,Salim,Fairlie,sfairlie9w@fotki.com,GM5qUZhZ,,1
358,7623564866,Kacey,Ervine,kervine9x@sun.com,xdnGI0Nm,,1
359,6588226445,Hedy,Channer,hchanner9y@themeforest.net,PyYJOfh,1951-01-12 19:31:11,1
360,,Julieta,Ebbett,jebbett9z@list-manage.com,LO2xEN8FjNec,,2
361,8963602440,Gerik,Oliphard,golipharda0@dmoz.org,Xl5rlX3WJv6,1983-01-15 11:31:26,1
362,,Theodor,Dowson,tdowsona1@slideshare.net,MUOVgcx,1967-08-04 01:17:20,1
363,,Alexia,Robion,arobiona2@netlog.com,EkH6aVmyAZIZ,1966-06-02 11:55:53,1
364,9792659677,Harald,Lindroos,hlindroosa3@house.gov,H53bb4,,1
365,5036063848,Jedidiah,Rosenfeld,jrosenfelda4@nasa.gov,3BLd7N6lz,1994-11-27 14:05:42,1
366,4091922035,Larisa,Sepey,lsepeya5@jugem.jp,ALlHyX,1962-03-06 07:13:32,1
367,9504675398,Cory,Pillifant,cpillifanta6@livejournal.com,FRG1Bo,,1
368,6089203560,Dannel,Headley,dheadleya7@cbslocal.com,vaBaUFeS6,,1
369,4706902164,Kaile,Alwood,kalwooda8@forbes.com,a9HRW7GDT9,,1
370,1043593272,Malia,Beyn,mbeyna9@hatena.ne.jp,12MmDLA,1964-06-28 08:00:33,1
371,,Ludovico,Valentin,lvalentinaa@cornell.edu,f1mTaHH3D7,,1
372,8946386511,Hilliary,Deener,hdeenerab@dyndns.org,sJuAm29rGV,1978-02-28 13:21:34,1
373,4257497998,Smith,Winpenny,swinpennyac@house.gov,UNCDQxLiNZtk,2005-10-05 16:07:36,1
374,,Annabell,Michael,amichaelad@nsw.gov.au,5S3aHE2Rgzm,1976-11-10 19:14:47,1
375,2427469347,Carmon,Andrivel,candrivelae@goo.ne.jp,hn5LOVmoY,1951-08-10 10:58:40,1
376,,Dori,Cleef,dcleefaf@altervista.org,oCipxv,,1
377,7674630923,Panchito,Fitzmaurice,pfitzmauriceag@ucla.edu,ggwU1q30YiUX,1955-05-20 10:45:03,2
378,8038107217,Eddy,Rosenfeld,erosenfeldah@foxnews.com,a6Dov4ibxLJq,,1
379,,Trever,Leer,tleerai@earthlink.net,b7rj29j2TZld,1965-03-14 02:54:04,1
380,5289216666,Angelo,Bauduccio,abauduccioaj@bigcartel.com,aXp711mk,2003-10-07 17:47:10,1
381,5664393036,Mikaela,McVie,mmcvieak@vinaora.com,5upKzWtOkiYD,,1
382,6591939472,Hallsy,Roser,hroseral@shutterfly.com,SvdeOE8tGXd,1980-07-17 05:50:47,2
383,2437855295,Alexandro,Jarritt,ajarrittam@google.fr,Mkm4eHgC,,1
384,8346031446,Jannel,D'Alwis,jdalwisan@mapy.cz,gmFRXi2J,1955-07-07 16:13:08,1
385,,Beale,Roberds,broberdsao@cnn.com,rHkmpZ,,1
386,8611539044,Brandise,Tompsett,btompsettap@issuu.com,SsdUjqC1,1983-10-26 16:56:03,1
387,6447145099,Kristofer,Rittmeyer,krittmeyeraq@skyrock.com,VCt1nG,1964-02-12 15:12:20,1
388,2316123676,Gwendolen,Kennifick,gkennifickar@alibaba.com,iCHZuc,2005-04-22 03:07:29,1
389,1281746897,Teddy,Slides,tslidesas@unesco.org,wcyjPz,1971-12-14 19:26:26,1
390,,Benedicto,Bockmann,bbockmannat@un.org,jKHVkBVW4,1989-05-17 09:34:22,1
391,,Lurette,Black,lblackau@upenn.edu,ForDRUg56,,2
392,,Hayley,Suston,hsustonav@youku.com,y8PCMKYJZLs,1972-10-31 09:56:25,1
393,,Doe,Bortolomei,dbortolomeiaw@over-blog.com,zcU9Tg41MGMq,,2
394,3417178691,Gawen,Nollet,gnolletax@vk.com,Pv6XK2,1969-05-06 19:19:59,1
395,3629541397,Tuck,Olijve,tolijveay@ca.gov,EzhOZdzW,1961-05-26 15:31:10,1
396,9868259525,Hamil,Bussey,hbusseyaz@ca.gov,fCpNWnp,1978-10-28 01:21:45,1
397,7426333024,Clio,Pepye,cpepyeb0@aol.com,0zGqDJF,1972-12-18 18:58:27,1
398,,Udall,Tobin,utobinb1@bbc.co.uk,oWgswqpf,,1
399,3239135901,Peg,Tolliday,ptollidayb2@npr.org,BZRUGCg2,1965-09-21 12:48:06,1
400,1134190999,Emelina,Biggadike,ebiggadikeb3@netscape.com,cBhU2xZmxl,1996-10-25 19:10:01,1
401,,Vivianne,Worton,vwortonb4@bluehost.com,ZSjdzWE,,1
402,7291062130,Kimberlyn,Thoma,kthomab5@printfriendly.com,B52GcPr2R,1953-10-18 05:38:45,1
403,5634661175,Shari,Kerans,skeransb6@elegantthemes.com,O1nr9TDlI,1976-07-11 00:45:59,1
404,6422619934,Shena,Vasenkov,svasenkovb7@who.int,yFzlhX5HO74F,2002-11-26 04:48:27,1
405,,Vanessa,Jarrard,vjarrardb8@apple.com,mLQKvdk,,1
406,,Eran,Kenyon,ekenyonb9@storify.com,gCgxfF2M51D,1968-11-03 20:36:43,1
407,,Tammi,Restall,trestallba@issuu.com,9pOcHOGX,1954-08-04 09:23:53,1
408,2409097213,Wayne,Durrant,wdurrantbb@google.com.au,9KSjz3BeP,1992-02-01 01:09:18,1
409,,Vassily,Mityashin,vmityashinbc@flickr.com,kLkunMt,,1
410,4248743922,Garry,Meegin,gmeeginbd@cnn.com,RAKJi7NIH,1986-01-27 22:36:03,1
411,,Emanuel,Buscher,ebuscherbe@posterous.com,qnoSDgqe9,1951-11-29 11:47:54,1
412,4574051314,Claresta,Mattiussi,cmattiussibf@ted.com,NkUlEYX00xO,1962-08-25 07:25:42,1
413,,Tobiah,Scholey,tscholeybg@illinois.edu,MNewRs2ZW,1977-06-22 03:35:53,1
414,8128223364,Shandy,Hulcoop,shulcoopbh@plala.or.jp,45iLOk,1996-07-06 06:57:41,1
415,,Cointon,Stoyle,cstoylebi@ebay.co.uk,aaZJf9s,,1
416,8829889144,Shermy,Skaife,sskaifebj@bloglines.com,Y8Dt1Pw,1959-09-05 10:01:25,1
417,1243897406,Clarinda,Aveline,cavelinebk@usnews.com,NJ5ScpgERD,,1
418,,Gwenneth,Betchley,gbetchleybl@wix.com,TMbcZWZ,1967-10-04 06:21:20,1
419,1892077846,Drusie,Lott,dlottbm@google.fr,L8HBQqOu1t,2003-01-01 20:08:11,1
420,,Cherri,Priddey,cpriddeybn@mapquest.com,cz45yI6te24L,1978-04-20 05:13:15,1
421,6986115322,Ulysses,Sutor,usutorbo@google.ru,NerGG2P0ro,1952-08-04 16:22:27,1
422,7445723063,Holly,Ferrarini,hferrarinibp@hud.gov,IE4mh7Zbx0R,2003-08-19 03:23:21,1
423,7128548364,Nevil,Jayes,njayesbq@google.co.jp,dLSy29qgS7,1951-10-29 22:33:08,1
424,,Janelle,Winser,jwinserbr@trellian.com,8DMNnnxMit,1974-10-01 18:50:55,1
425,8311196121,Mavis,Swanston,mswanstonbs@gnu.org,sNziEPfu2B,1962-10-03 12:55:26,1
426,3472988517,Ignacius,Huton,ihutonbt@ameblo.jp,49qq9VjNAgG,1998-04-19 05:39:50,1
427,,Rube,Bulled,rbulledbu@amazonaws.com,3mcyKX0,1985-03-07 18:27:52,2
428,,Rosmunda,Hebborne,rhebbornebv@godaddy.com,WXcJkbfif,,1
429,,Selinda,Fould,sfouldbw@netscape.com,91Omwc1QKN,2004-10-28 07:44:30,1
430,7429420806,Cherish,MacNeely,cmacneelybx@timesonline.co.uk,Pztzb0QNvc,1956-02-10 21:07:43,1
431,4228976348,Lucy,Tander,ltanderby@ibm.com,QIy0rG,,1
432,,Lia,Iczokvitz,liczokvitzbz@twitter.com,eHC6O8,,1
433,8569018703,Dani,Godball,dgodballc0@wordpress.com,6WOjfrGth81,1957-01-16 05:48:59,1
434,,Judie,Flecknell,jflecknellc1@businesswire.com,EPROCiV,1979-08-19 05:00:29,1
435,1155528123,Andrej,Spearing,aspearingc2@icq.com,Vcr2CC6xEE,1961-12-01 12:06:20,1
436,,Felicdad,Vasler,fvaslerc3@ucla.edu,yJsNPEcTmB,,1
437,4359549723,Harriet,Gaythorpe,hgaythorpec4@ca.gov,etZT0izI3M,1994-11-09 21:39:50,1
438,2453539282,Bliss,Saipy,bsaipyc5@hao123.com,6wUfa9l03,1950-08-23 16:55:43,1
439,4735477321,Erinn,Rosenkrantz,erosenkrantzc6@vimeo.com,PVjX1eecD8z,1966-10-08 00:09:48,1
440,,Hazlett,Slateford,hslatefordc7@booking.com,1HCfXNd,1976-12-28 04:10:20,1
441,1197017994,Shae,Silwood,ssilwoodc8@infoseek.co.jp,WwiaSLX,,1
442,,Ardine,Beardon,abeardonc9@biglobe.ne.jp,x84fr2w,2002-05-26 09:05:05,2
443,8606837124,Antonina,Farenden,afarendenca@disqus.com,IHQB5e6EPTFx,1981-02-18 01:00:03,1
444,5451678630,Arley,Sarsfield,asarsfieldcb@mapquest.com,lxqFvBT,,1
445,,David,Jeremaes,djeremaescc@techcrunch.com,co0zjLpW,1986-09-12 19:31:33,1
446,,Nata,O'Fogarty,nofogartycd@surveymonkey.com,ofH9pHRT6h9h,1999-09-28 14:14:14,1
447,9475706325,Alfi,Pettifor,apettiforce@gravatar.com,9sDMs3ETJ,1972-06-29 20:03:01,1
448,,Rabbi,Phair,rphaircf@un.org,6qInfhmRS,1954-06-20 13:12:21,1
449,,Adrea,Climer,aclimercg@google.com.br,zlzL3kWO,1985-02-13 16:54:23,1
450,6757734428,Aarika,Milleton,amilletonch@istockphoto.com,7f5aLAWhKEm,1967-06-29 09:54:34,1
451,,Eleni,Greer,egreerci@mashable.com,b3vZT3F6Kr1,1975-05-10 06:02:29,1
452,,Niccolo,O'Gleasane,nogleasanecj@buzzfeed.com,BvmKJum,1964-05-09 13:54:37,1
453,3258858682,Virge,Nussey,vnusseyck@nifty.com,NMjn8XPyz76,,1
454,,Banky,Seward,bsewardcl@cocolog-nifty.com,2RdsQbnLxv,,1
455,,Alasteir,Cadamy,acadamycm@sogou.com,lsaqB4W,1997-05-12 02:15:52,1
456,,Melita,Neggrini,mneggrinicn@vk.com,1RTBuT7,1959-07-06 04:13:50,1
457,3716620885,Gifford,Robens,grobensco@marriott.com,UgYwhepneh0V,1953-08-22 03:59:56,1
458,1106715915,Jecho,Ivkovic,jivkoviccp@jiathis.com,Ib34VzUYX,1950-03-09 10:03:41,1
459,,Jonah,Kelby,jkelbycq@java.com,CTFroEvwe,,1
460,3705835641,Jake,Andrzej,jandrzejcr@wp.com,vY21SwzPi,,1
461,3687394359,Byrann,Plenty,bplentycs@unesco.org,QbZE99N7ZDt,1972-11-19 02:02:45,1
462,6536281102,Germain,Mitten,gmittenct@surveymonkey.com,h3d4IF,,1
463,7943707193,Jaclin,Coard,jcoardcu@utexas.edu,JuICiUGyNS3,1958-04-15 04:00:48,1
464,,Gerard,Liley,glileycv@disqus.com,MFOZ8Qr8TI,1999-01-17 05:31:01,1
465,,Britt,Butterfield,bbutterfieldcw@miitbeian.gov.cn,0HMk2O7,1990-03-04 15:41:54,1
466,,Tresa,McCombe,tmccombecx@fotki.com,tehsRsS4q56w,,1
467,2622690721,Gayelord,Eland,gelandcy@bandcamp.com,eOPF6c,1969-11-07 17:15:32,1
468,,Sydel,Cabane,scabanecz@shareasale.com,aMnaFKI6,1987-07-24 08:36:21,1
469,6292160020,Josephina,Morilla,jmorillad0@rambler.ru,o1Err9seqwu9,,1
470,2771644240,Alfred,Collis,acollisd1@over-blog.com,n9YGw1S,1970-08-02 06:51:43,1
471,,Jerry,Umfrey,jumfreyd2@booking.com,0hN2slkK53Tl,,1
472,9161157955,Ashlin,Magill,amagilld3@mediafire.com,ftZxHXccO,2003-01-31 13:04:38,1
473,8167256891,Rock,Dicker,rdickerd4@ft.com,g3TT23y8tYb,1984-05-17 16:10:00,1
474,5313281411,Oby,Wehner,owehnerd5@nih.gov,ZZxtENuSjoD7,1975-08-27 04:37:03,1
475,3054556373,Scott,Perello,sperellod6@slashdot.org,sNECAVZ9MVj,1997-12-27 23:44:27,2
476,5875207188,Harper,Maypole,hmaypoled7@twitter.com,Rq4SKYySXzFU,1988-05-07 01:00:56,1
477,8747107338,Rosalinde,Cromly,rcromlyd8@barnesandnoble.com,ZFViRwp,,1
478,7981403496,Kalinda,Jaukovic,kjaukovicd9@elpais.com,pKpn8NKSmbVq,1952-08-27 07:41:21,1
479,,Andreas,De Domenico,adedomenicoda@vistaprint.com,RfB9WIPIf64Y,,1
480,3411463012,Conni,Rable,crabledb@bbb.org,pK0E7TKYo,,1
481,5818235325,Selma,Kirton,skirtondc@squarespace.com,0bLwjU2vZz,2005-06-02 00:44:08,1
482,2864307736,Lindi,Ritchings,lritchingsdd@salon.com,WYolq0m,1977-02-07 02:02:18,2
483,,Ezekiel,Longhirst,elonghirstde@slideshare.net,iOl4nVFSzHss,1960-02-02 03:36:12,1
484,8987407673,Christoph,Yardley,cyardleydf@sun.com,p4hrXK,,1
485,,Hildy,Brixey,hbrixeydg@example.com,iZlbWa,1991-07-15 11:52:46,2
486,5845307209,Julie,Championnet,jchampionnetdh@lycos.com,cAh8bZ,1999-08-30 00:52:11,1
487,,Rourke,Kynvin,rkynvindi@craigslist.org,ePvj3A,,1
488,3023570356,Lois,Morsom,lmorsomdj@cafepress.com,ObBSt4G,1981-10-18 10:32:44,1
489,8593812375,Brittni,Benstead,bbensteaddk@dagondesign.com,lhpx3PMdy,1985-10-16 11:58:14,1
490,,Prent,Bonifas,pbonifasdl@smugmug.com,9Hy8PxYhm,1971-11-28 23:39:39,1
491,1112069346,Suzie,Gumm,sgummdm@360.cn,YQgol1YkNbNe,1959-10-20 01:57:48,1
492,5726053959,Jaquelyn,Parcells,jparcellsdn@soup.io,jqR7AJWn,1978-12-25 14:43:20,1
493,4629068082,Bernadette,Merrin,bmerrindo@zdnet.com,XqPFrE9qQy7A,1989-10-22 06:31:18,1
494,7431508264,Natasha,Draycott,ndraycottdp@cornell.edu,4eewod,1991-10-21 04:31:50,1
495,8693788853,Ford,Sare,fsaredq@ebay.com,chuiQb0a,1964-01-18 08:01:25,1
496,,Phelia,Faley,pfaleydr@opensource.org,kDK33Gx0MhP6,2000-02-26 06:00:24,1
497,7619971467,Marina,Nickell,mnickellds@chicagotribune.com,PjCtjY2,,1
498,1768051407,Gratiana,Norres,gnorresdt@hao123.com,JbYRpIao7FB,,1
499,3551282152,Leela,Selburn,lselburndu@virginia.edu,rNLKR0ixz,1956-06-16 20:42:01,1
500,7462195688,Ebony,Alderton,ealdertondv@google.co.uk,COxeAYlbkLgm,,1
